Title,Page Start,Page End
1943: The Battle of Midway - AirBattle A,28,28
A Nightmare on Elm Street - Town ofElm Street,29,29
Ace Combat 5: The Unsung War -Rendezvous,30,30
ActRaiser - Birth of the People,31,31
ActRaiser - Fillmore,32,32
The Adventures of Bayou Billy - SideScroll BGM,33,33
Adventures of Lolo - Floor Theme,34,34
Aerobiz - Europe,35,36
After Burner II - After Burner,37,39
Age of Empires II - Quest for Butter(Main Theme),40,40
Age of Empires II - T Station,41,42
Alan Wake - Children of the Elder God,43,44
Alpha Blast - Lexicographical Spy,45,45
Angry Birds - Angry Birds Theme,46,46
Animal Crossing - 7 AM,47,48
Animal Crossing - DJ K.K.,49,50
Animal Crossing - Go K.K. Rider,51,51
Animal Crossing - K.K. Bossa,52,52
Animal Crossing - K.K. Cruisin' [ALT],53,53
Animal Crossing - K.K. Cruisin',54,54
Animal Crossing - K.K. Fusion(Aircheck),55,56
Animal Crossing - K.K. Jazz,57,58
Animal Crossing - K.K. Metal,59,60
Animal Crossing - K.K. Swing,61,62
Animal Crossing - Lucky K.K.,63,63
Animal Crossing: New Leaf - Kapp'n'sSong,64,64
Animal Crossing - Surfin' K.K.,65,66
Animal Crossing - Title,67,67
Animal Crossing: Wild World - 2 AM,68,68
Animal Crossing: Wild World -Mountain Song,69,69
Animal Crossing: Wild World -Shampoodle,70,70
Animal Crossing: City Folk - Daytimein City Square,71,72
Animal Crossing: City Folk - K.K.House,73,74
Animal Crossing: City Folk - Title,75,75
Animal Crossing: New Horizons - 10 AM,76,76
Animal Crossing: New Horizons - 12 PM,77,77
Animal Crossing: New Horizons - 5 PM,78,78
Animal Crossing: New Horizons - BunnyDay,79,80
Animal Crossing: New Horizons -Hazure02,81,82
Animal Crossing: New Horizons -Outing (In-Flight Broadcast),83,83
Animal Crossing: New Horizons -Resident Services,84,84
Animal Crossing: New Horizons -Welcome Horizons,85,86
Animal Crossing: New Leaf - BubblegumK.K.,87,88
Animal Crossing: New Leaf - Drivin',89,90
Animal Crossing: New Leaf - K.K.Disco,91,92
Animal Crossing: New Leaf - K.K.Moody (Aircheck),93,93
Apollo Justice: Ace Attorney - ApolloJustice ~ A New Trial Is In Session,94,94
Apollo Justice: Ace Attorney - GuiltyLove,95,95
Apollo Justice: Ace Attorney - TheGuitar's Serenade,96,96
Arms - Grand Prix (Title),97,98
Assassin's Creed III - Fight Club,99,100
Baba Is You - Cog Is Push (SolitaryIsle),101,101
Baldur's Gate - Main Theme,102,102
Banjo-Kazooie - Spiral Mountain,103,104
Banjo-Kazooie - Gruntilda's Lair,105,106
Banjo-Kazooie - Main Theme,107,108
Banjo-Kazooie - Treasure Trove Cove,109,110
Baten Kaitos - The True Mirror,111,112
Batman - Stage 1,113,113
Battletoads - Title,114,114
Bayonetta 2 - Tomorrow is Mine,115,116
Blaster Master - Area 1,117,117
Blaster Master - Area 2,118,118
Blaster Master - Area 3,119,119
Blaster Master - Area 4,120,120
Blaster Master - Area 5,121,121
Blaster Master - Area 6,122,122
Blaster Master - Area 7,123,123
Blaster Master - Area 8,124,124
Bomberman 64 - Blue Resort,125,125
Bomberman Hero - Fatidic,126,126
Bowser's Fury - Attack! Fury Bowser,127,128
Bravely Default - Horizon of Lightand Shadow,129,129
Bravely Default - Caldisla Land ofBeginnings,130,130
Bravely Default - Love's Vagrant[ALT],131,132
Bravely Default - Love's Vagrant,133,134
Bravely Default - That of the Name,135,136
Bravely Default - The FascinatingFlower Country,137,138
Breath of Fire - Profit,139,139
Breath of Fire III - Casually,140,140
Breath of Fire III - Do Your Best!,141,141
Breath of Fire III - Eden,142,142
Breath of Fire III - Everyday Battle,143,144
Breath of Fire III - Pure Again -Staff Roll,145,146
Breath of Fire III - To a DistantPlace [ALT],147,147
Breath of Fire III - To a DistantPlace,148,148
Breath of Fire II - Century of thePatriarch,149,149
Breath of Fire II - Wanderer,150,150
Brothers: A Tale of Two Sons - MainTheme,151,0
BS-X (Satellaview) BIOS - Town Theme,1,152
,153,154
Bubble Bobble - Quest Begins / MainTheme,155,156
Bucky O'Hare - Green Planet,157,158
Bucky O'Hare - Red Planet,159,159
Bug Fables - Mite Knight,160,160
Castlevania: Aria of Sorrow - ClockTower,161,162
Castlevania: Circle of the Moon -Awake,163,163
Castlevania: Dawn of Sorrow - GloomyMemories,164,164
Castlevania - Heart of Fire,165,166
Castlevania: Symphony of the Night -Lost Painting,167,168
Castlevania: Symphony of the Night -Marble Gallery,169,170
Castlevania - Vampire Killer,171,171
Castlevania - Wicked Child,172,172
Castlevania II: Simon's Quest -Bloody Tears,173,173
Castlevania II: Simon's Quest - TheSilence of Daylight,174,174
Castlevania III: Dracula's Curse -Beginning,175,175
Castlevania III: Dracula's Curse -Clockwork,176,176
Castlevania III: Dracula's Curse -Aquarius,177,177
Castlevania III: Dracula's Curse -Demon Seed,178,178
Castlevania III: Dracula's Curse -Encounter,179,179
Castlevania III: Dracula's Curse -Mad Forest,180,180
Castlevania III: Dracula's Curse -Prelude,181,182
Castlevania: Aria of Sorrow - RuinedCastle Corridor,183,184
Catherine - Act on Instinct,185,186
Cave Story - Cave Story [ALT],187,188
Cave Story - Cave Story,189,190
Cave Story - Mischievous Robot,191,191
Cave Story - Moonsong,192,192
Celeste - First Steps,193,194
Celeste - Resurrections,195,196
Chibi-Robo! - A Maiden's Thoughts,197,198
Chicory: A Colorful Tale - Dinnersthe Big City,199,200
Chicory: A Colorful Tale - Song ofthe Wielders,201,202
Chip 'n Dale Rescue Rangers - Zone B,203,203
Chrono Cross - The Bend of Time,204,204
Chrono Cross - Another Termina,205,206
Chrono Cross - Arni (Home World),207,208
Chrono Cross - Shore of Dreams(Another World),209,210
Chrono Cross - Dreams of The Ages,211,212
Chrono Cross - Gale,213,214
Chrono Cross - Home Guldove,215,216
Chrono Cross - Plains of Time ~HomeWorld~,217,218
Chrono Cross - Radical Dreamers,219,220
Chrono Cross - Sailing (Home World),221,222
Chrono Cross - Scars of Time,223,224
Chrono Cross - The Girl Who Stole theStars,225,225
Chrono Trigger - Battle 1,226,226
Chrono Trigger - Black Omen,227,227
Chrono Trigger - Chrono Trigger,228,228
Chrono Trigger - Corridors of Time,229,229
Chrono Trigger - Crono & Marle ~ ADistant Promise,230,230
Chrono Trigger - Decisive Battle WithMagus,231,232
Chrono Trigger - Delightful Spekkio,233,233
Chrono Trigger - At the Bottom ofNight,234,234
Chrono Trigger - End of Time,235,235
Chrono Trigger - Fanfare 1,236,236
Chrono Trigger - Frog's Theme [ALT],237,237
Chrono Trigger - Frog's Theme,238,238
Chrono Trigger - Gato's Theme,239,239
Chrono Trigger - Guardia MillennialFair,240,240
Chrono Trigger - Peaceful Days [ALT],241,241
Chrono Trigger - Peaceful Days,242,242
Chrono Trigger - Robo's Theme,243,243
Chrono Trigger - Schala,244,244
Chrono Trigger - Sealed Door,245,245
Chrono Trigger - Secret of the Forest,246,246
Chrono Trigger - The Trial,247,248
Chrono Trigger - To Far Away Times,249,250
Chrono Trigger - Tyrano Lair,251,252
Chrono Trigger - Undersea Palace,253,254
Chrono Trigger - Wings That CrossTime,255,256
Chrono Trigger - World Revolution,257,258
Chrono Trigger - Yearnings of theWind,259,260
Civilization IV - Baba Yetu,261,262
Coffee Talk - A Day with Coffee,263,264
Command & Conquer: Red Alert - HellMarch,265,266
Conker's Bad Fur Day - Windy,267,268
Contra - Ending,269,270
Contra - Jungle,271,272
Cooking Mama - Title Theme,273,274
Crystalis - Overworld Theme,275,276
Cuphead - Die House,277,278
Cuphead - Floral Fury,279,282
Cuphead - Inkwell Isle One,283,284
Dark Cloud 2 - Premonition ofSomething Going to Happen,285,286
de Blob - Blissful,287,288
DELTARUNE - A CYBER'S WORLD?,289,290
DELTARUNE - BIG SHOT,291,292
DELTARUNE - Don't Forget,293,293
DELTARUNE - Empty Town,294,294
DELTARUNE - Field of Hopes and Dreams,295,296
DELTARUNE - Lost Girl,297,298
DELTARUNE - Rude Buster,299,300
DELTARUNE - Scarlet Forest,301,302
DELTARUNE - THE WORLD REVOLVING,303,303
Diddy Kong Racing - Ancient Lake,304,304
Diddy Kong Racing - EverfrostPeak/Snowball Valley,305,306
Diddy Kong Racing - Frosty Village,307,308
Diddy Kong Racing - Haunted Woods,309,309
Diddy Kong Racing - Pirate Lagoon,310,310
Diddy Kong Racing - Star City,311,312
Digimon: Battlespirit - Terriermon'sStage,313,313
Digital Devil Story: Megami Tensei II- Ex-Convict,314,314
The Division 2 - Still Alive,315,316
Doki Doki Literature Club! - YourReality,317,318
Donkey Kong - Title,319,320
Donkey Kong 64 - Angry Aztec,321,322
Donkey Kong 64 - Candy's Theme,323,323
Donkey Kong 64 - DK Rap,324,324
Donkey Kong Country - AquaticAmbiance,325,326
Donkey Kong Country - Bonus RoomBlitz,327,328
Donkey Kong Country - DK Island Swing,329,330
Donkey Kong Country - Gang-PlankGalleon,331,332
Donkey Kong Country - Ice Cave Chant,333,334
Donkey Kong Country - Simian Segue,335,336
Donkey Kong Country 2 - ForestInterlude,337,338
Donkey Kong Country 2: Diddy's KongQuest - Hot-Head Bop,339,340
Donkey Kong Country 2 - In aSnow-Bound Land,341,342
Donkey Kong Country 2 - Jib Jig,343,344
Donkey Kong Country 2: Diddy's KongQuest - Mining Melancholy,345,345
Donkey Kong Country 2 - SnakeyChantey,346,346
Donkey Kong Country 2 - StickerbushSymphony,347,348
Donkey Kong Country Returns - MineMenace,349,350
Doom - E1M1 (At Doom's Gate),351,352
Double Dragon - Double Dragon,353,353
Double Dragon 2: The Revenge - TheFight Continues,354,354
Dr. Mario - Chill,355,356
Dr. Mario - Fever,357,358
Drawful 2 - Draw Theme 2,359,359
DuckTales - African Mines,360,360
DuckTales - Amazon,361,361
DuckTales - Stage Select,362,362
DuckTales - Himalayas,363,363
DuckTales - The Moon [ALT],364,364
DuckTales - The Moon,365,365
DuckTales - Transylvania,366,366
DuckTales 2 - Niagara Falls,367,367
EarthBound - Eight Melodies,368,368
EarthBound - Hotel,369,369
EarthBound - Onett,370,370
EarthBound - Paula's Theme,371,371
EarthBound - Snowman,372,372
EarthBound - Summers Eternal TouristTrap,373,373
EarthBound - The Metropolis ofFourside,374,374
EarthBound - Threed Free At Last,375,375
EarthBound - Twoson,376,376
EarthBound - Venus Live!,377,377
EarthBound - Winters,378,378
EarthBound - You've Come Far Ness,379,379
EarthBound - Your Name Please,380,380
EarthBound Beginnings - Bein' Friends,381,381
EarthBound Beginnings - Fallin' Love,382,382
EarthBound Beginnings - Magicant,383,384
EarthBound Beginnings - Pollyanna[ALT],385,386
EarthBound Beginnings - Pollyanna (IBelieve In You),387,388
Elebits - Multiplayer Mode,389,390
Etrian Odyssey Nexus - Battlefield -Elation,391,392
F-Zero - Big Blue,393,394
F-Zero - Fire Field,395,396
F-Zero - Mute City,397,397
F-Zero - Port Town,398,398
F-Zero - Silence [ALT],399,399
F-Zero - Silence,400,400
F-Zero X - Dream Chaser,401,402
Fall Guys: Ultimate Knockout -Everybody Falls,403,406
Fell Seal: Arbiter's Mark - Hurry Up!,407,408
Final Fantasy - Chaos Temple,409,409
Final Fantasy - Corneria Castle,410,410
Final Fantasy - Matoya's Cave,411,411
Final Fantasy - Opening Theme,412,412
Final Fantasy - Main Theme,413,413
Final Fantasy - Town,414,414
Final Fantasy - Victory,415,415
Final Fantasy II - Castle Pandemonium,416,416
Final Fantasy II - Town,417,417
Final Fantasy III - Eternal Wind,418,418
Final Fantasy III - The Invincible,419,419
Final Fantasy IV - Battle 2,420,420
Final Fantasy IV - Battle 1,421,421
Final Fantasy IV - Chocobo-Chocobo,422,422
Final Fantasy IV - Edward's Harp,423,423
Final Fantasy IV - Illusionary World,424,424
Final Fantasy IV - Land of Dwarves,425,425
Final Fantasy IV - Main Theme ofFinal Fantasy IV,426,426
Final Fantasy IV - Red Wings,427,427
Final Fantasy IV - Rydia,428,428
Final Fantasy IV - Theme of Love,429,429
Final Fantasy IV - Troian Beauty,430,430
Final Fantasy IV - Welcome to OurTown!,431,431
Final Fantasy V - Battle 1,432,432
Final Fantasy V - Battle at the BigBridge,433,434
Final Fantasy V - Lenna's Theme,435,435
Final Fantasy V - Main Theme of FinalFantasy V,436,436
Final Fantasy V - My Home Sweet Home,437,437
Final Fantasy VI - Another World ofBeasts [ALT],438,438
Final Fantasy VI - Another World ofBeasts,439,439
Final Fantasy VI - Aria di MezzoCaraterre [ALT],440,440
Final Fantasy VI - Aria di MezzoCarattere,441,441
Final Fantasy VI - Battle Theme,442,442
Final Fantasy VI - Blackjack,443,443
Final Fantasy VI - Celes,444,444
Final Fantasy VI - Cyan,445,446
Final Fantasy VI - Dancing Mad (Part4),447,448
Final Fantasy VI - Devil's Lab,449,449
Final Fantasy VI - Edgar and Sabin,450,450
Final Fantasy VI - Forever Rachel,451,451
Final Fantasy VI - Gau,452,452
Final Fantasy VI - Gogo,453,454
Final Fantasy VI - Johnny C. Bad,455,456
Final Fantasy VI - Kefka,457,457
Final Fantasy VI - Kids Run Throughthe City Corner,458,458
Final Fantasy VI - Locke,459,459
Final Fantasy VI - Mog,460,460
Final Fantasy VI - The Prelude,461,462
Final Fantasy VI - Relm,463,463
Final Fantasy VI - Searching forFriends,464,464
Final Fantasy VI - Shadow,465,465
Final Fantasy VI - Slam Shuffle,466,466
Final Fantasy VI - Terra [ALT],467,467
Final Fantasy VI - Terra,468,468
Final Fantasy VI - The Day After,469,469
Final Fantasy VI - The DecisiveBattle,470,470
Final Fantasy VI - The Mystic Forest,471,471
Final Fantasy VII - Aerith's Theme,472,472
Final Fantasy VII - Birth of a God,473,474
Final Fantasy VII - Cid's Theme,475,475
Final Fantasy VII - Costa Del Sol,476,476
Final Fantasy VII - J-E-N-O-V-A,477,477
Final Fantasy VII - Let the BattlesBegin!,478,478
Final Fantasy VII - On Our Way,479,480
Final Fantasy VII - One-Winged Angel,481,483
Final Fantasy VII - Reunion,484,484
Final Fantasy VII - The Oppressed,485,486
Final Fantasy VII - Those Who FightFurther,487,488
Final Fantasy VII - Tifa's Theme,489,489
Final Fantasy VIII - Balamb Garden,490,490
Final Fantasy VIII - Don't Be Afraid,491,492
Final Fantasy VIII - Eyes on Me,493,494
Final Fantasy VIII - Fisherman'sHorizon,495,495
Final Fantasy VIII - Shuffle orBoogie,496,496
Final Fantasy VIII - The Man with theMachine Gun,497,498
Final Fantasy VIII - Waltz for theMoon,499,500
Final Fantasy IX - Battle 1,501,501
Final Fantasy IX - Crossing ThoseHills,502,502
Final Fantasy IX - Melodies of Life,503,504
Final Fantasy IX - Rose of May,505,505
Final Fantasy IX - Vamo' allaFlamenco,506,506
Final Fantasy IX - You're Not Alone,507,508
Final Fantasy X - Suteki Da Ne (Isn'tIt Wonderful?),509,510
Final Fantasy X - To Zanarkand,511,512
Final Fantasy X-2 - 1000 Words,513,514
Final Fantasy XI - Ronfaure,515,516
Final Fantasy XI - Selbina,517,518
Final Fantasy XIII - Blinded By Light,519,519
Final Fantasy XIII - The YaschasMassif,520,520
Final Fantasy XIV: A Realm Reborn -Ruby Sunrise,521,522
Final Fantasy XIV - Answers,523,524
Final Fantasy XIV: Endwalker - Closein the Distance,525,526
Final Fantasy XIV: Heavensward -Blackbosom,527,528
Final Fantasy XIV: Shadowbringers -Civilizations,529,530
Final Fantasy XIV: Shadowbringers -Neath Dark Waters,531,532
Final Fantasy XIV: Stormblood -Crimson Sunrise,533,533
Final Fantasy XIV: A Realm Reborn -Where the Heart Is,534,534
Final Fantasy XV - Galdin Quay(Restaurant),535,536
Final Fantasy XV - Main Theme fromFINAL FANTASY,537,538
Final Fantasy XV - Up for theChallenge,539,540
Final Fantasy XV - Valse diFantastica,541,542
Final Fantasy XVI - Our Terms,543,543
Final Fantasy Legend - Town Theme,544,544
Final Fantasy Legend III - ExoticTown,545,545
Final Fantasy Mystic Quest - Battle 1,546,546
Final Fantasy Tactics - Bland Logo ~Title Back,547,547
Final Fantasy Tactics - Tutorial,548,548
Fire Emblem: Shadow Dragon & theBlade of Light - Battle Map 3 -Victory Nears (Player),549,549
Fire Emblem - Together We Ride,550,550
Fire Emblem: Awakening - Id ~Serenity,551,551
Fire Emblem: Awakening - You May CallMe Marth,552,552
Fire Emblem Fates - Lost in ThoughtsAll Alone [ALT],553,554
Fire Emblem: Fates - Lost in ThoughtsAll Alone,555,556
Fire Emblem: Mystery of the Emblem -The Theme of Fire Emblem,557,558
Fire Emblem: Three Houses - A GentleBreeze,559,560
Fire Emblem: Three Houses - As FierceAs Fire,561,562
Fire Emblem: Three Houses - FódlanWinds (Rain),563,564
Fire Emblem: Three Houses - Life atGarreg Mach Monastery,565,566
Gimmick! - Good Morning,567,568
Gitaroo Man - Flyin' to Your Heart,569,570
Gitaroo Man - The Legendary Theme,571,572
Godzilla: Monster of Monsters -Password,573,574
Golden Axe - Wilderness,575,576
Golden Sun - Kolima Forest - MogallWoods,577,577
Golden Sun - Lalivero,578,578
Golden Sun - Venus Lighthouse,579,579
Goldeneye 007 - Byelomorye Dam,580,580
Gradius II - Burning Heat,581,581
Gradius II - Heavy Blow,582,582
Gradius III - Sand Storm,583,583
Gran Turismo 5 - Smoker's Lament,584,584
The Great Ace Attorney: Adventures -Kazuma Asogi - Samurai on a Mission,585,586
Grim Fandango - Casino Calavera,587,588
Grim Fandango - Manny & Meche,589,590
Guilty Gear X - Holy Orders (Be Justor Be Dead),591,592
Guilty Gear XX - Blue Water Blue Sky,593,594
Hades - Final Expense,595,596
Hades - Good Riddance,597,598
Hades - No Escape,599,600
Hollow Knight - Dirtmouth,601,602
Hollow Knight - Hornet,603,604
Honkai: Star Rail - Take the Journey,605,605
Hyper Light Drifter - The LastGeneral,606,606
Ice Climber - Title,607,607
Ikenfell - Lullaby for a Witch -Title Screen,608,608
Illusion of Gaia - Drifting Endlessly,609,609
Incredible Crisis - Taneo Dance Fever,610,610
Incredible Crisis - Tondemo Crisis!Theme #1 (We Are One),611,612
Journey - I Was Born For This,613,614
Journey to Silius - Stage 1,615,616
Journey to Silius - Stage 2,617,618
Journey to Silius - Stage 3,619,619
Journey to Silius - Stage 4,620,620
Katamari Damacy - Katamari On theRocks,621,622
Katamari Damacy - Katamaritaino (RollMe In),623,624
Katamari Damacy - Lonely Rolling Star,625,626
Kid Icarus - Underworld,627,628
Kid Icarus: Uprising - Dark Pit'sTheme,629,630
Killer Instinct - The Instinct,631,632
The King of Fighters '95 - StormySaxophone,633,633
Kingdom Hearts - Blast Away! -GummiShip I-,634,634
Kingdom Hearts - Dearly Beloved,635,636
Kingdom Hearts - Hikari,637,638
Kingdom Hearts - Hollow Bastion,639,639
Kingdom Hearts - Kairi I,640,640
Kingdom Hearts - Night of Fate,641,641
Kingdom Hearts - Scherzo Di Notte,642,642
Kingdom Hearts - Shipmeisters'Humoresque,643,644
Kingdom Hearts - Simple and Clean,645,646
Kingdom Hearts - Traverse Town,647,647
Kingdom Hearts II - Lazy Afternoons,648,648
Kingdom Hearts II - Magical Mystery,649,650
Kirby 64: The Crystal Shards - 02Battle,651,652
Kirby 64: The Crystal Shards - ShiverStar,653,653
Kirby Air Ride - Celestial Valley,654,654
Kirby Air Ride - City Trial,655,656
Kirby Air Ride - Legendary Air RideMachine,657,657
Kirby and the Amazing Mirror -Rainbow Route,658,658
Kirby and the Forgotten Land - A Tripto Alivel Mall,659,660
Kirby and the Forgotten Land -Moonlight Canyon,661,662
Kirby and the Forgotten Land -Welcome to the New World!,663,664
Kirby: Planet Robobot - Yearning forYellow (Vroom!),665,666
Kirby Star Allies - Friendly Field,667,668
Kirby Super Star - King Dedede,669,669
Kirby Super Star - Marshmallow Castle,670,670
Kirby Super Star - Meta KnightDefeated,671,671
Kirby Super Star - Meta Knight'sRevenge,672,672
Kirby Super Star - Taking Over theHalberd,673,674
Kirby Super Star - The Gourmet Race,675,675
Kirby Super Star - Time to Learn,676,676
Kirby Super Star - Vs. Marx,677,678
Kirby Triple Deluxe - The Cave in theSky,679,680
Kirby's Adventure - Butter Building,681,681
Kirby's Adventure - Grape Garden[ALT],682,682
Kirby's Adventure - Grape Garden,683,683
Kirby's Adventure - Ice Cream Island,684,684
Kirby's Adventure - Orange Ocean,685,685
Kirby's Adventure - Rainbow Resort,686,686
Kirby's Adventure - Yogurt Yard,687,688
Kirby's Dream Buffet - I'm a HungryPink Puffball,689,689
Kirby's Dream Course - Jigsaw Plains,690,690
Kirby's Dream Land - Float Islands,691,691
Kirby's Dream Land - Green Greens,692,692
Kirby's Dream Land 2 - Coo the Owl,693,693
Kirby's Dream Land 2 - Kine the Fish,694,694
Kirby's Dream Land 2 - Rick theHamster,695,696
Kirby's Dream Land 3 - Ripple Field 1,697,698
Kirby's Epic Yarn - Patch Castle,699,699
Kirby's Return to Dream Land - Sunnywith a Chance of Oasis,700,700
Kirby's Return to Dream Land - SkyTower [ALT],701,701
Kirby's Return to Dream Land - SkyTower,702,702
Kirby's Return to Dream Land - SkyWaltz,703,703
Kirby's Return to Dream Land -Snowball Scuffle,704,704
Klonoa: Door to Phantomile - UntamedHeart,705,705
Knuckles' Chaotix - Door Into Summer,706,706
Knuckles' Chaotix - Evening Star,707,708
Koudelka - Waterfall,709,710
Later Alligator - Alligator Blues,711,711
The Legend of Heroes: Trails in theSky - Silver Will,712,712
The Legend of Heroes: Trails in theSky - Sophisticated Fight,713,714
Legend of Mana - Song of MANA~Opening Theme~,715,716
The Legend of Zelda: A Link to thePast - Dark World,717,717
The Legend of Zelda: A Link to thePast - Death Mountain,718,718
The Legend of Zelda: A Link to thePast - Hyrule Castle,719,719
The Legend of Zelda: A Link to thePast - Kakariko Village,720,720
The Legend of Zelda: A Link to thePast - Lost Ancient Ruins,721,721
The Legend of Zelda: A Link to thePast - Opening Demo,722,722
The Legend of Zelda: A Link to thePast - Princess Zelda's Rescue,723,723
The Legend of Zelda - A Link to thePast - The Goddess Appears [ALT],724,724
The Legend of Zelda: A Link to thePast - The Goddess Appears,725,725
The Legend of Zelda: Breath of theWild - Goron City (Day),726,726
The Legend of Zelda: Breath of theWild - Hateno Village (Day),727,727
The Legend of Zelda: Breath of theWild - Kass's Final Song,728,728
The Legend of Zelda: Breath of theWild - Main Theme,729,729
The Legend of Zelda: Breath of theWild - Reunion: Revali,730,730
The Legend of Zelda: Breath of theWild - Reunion: Urbosa,731,731
The Legend of Zelda: Breath of theWild - Sidon's Theme,732,732
The Legend of Zelda: Breath of theWild - Tarrey Town,733,733
The Legend of Zelda - Dungeon [ALT],734,734
The Legend of Zelda - Dungeon,735,735
The Legend of Zelda: Link's Awakening- Ballad of the Wind Fish,736,736
The Legend of Zelda: Link's Awakening- Inside a House,737,737
The Legend of Zelda: Link's Awakening- Mabe Village,738,738
The Legend of Zelda: Link's Awakening- Overworld,739,739
The Legend of Zelda: Link's Awakening- Richard's Villa,740,740
The Legend of Zelda: Link's Awakening- Tal Tal Heights,741,741
The Legend of Zelda: Majora's Mask -Astral Observatory,742,742
The Legend of Zelda: Majora's Mask -Boat Cruise,743,743
The Legend of Zelda: Majora's Mask -Clock Town (Day 1),744,744
The Legend of Zelda: Majora's Mask -Horse Race/Horse Race Goal,745,745
The Legend of Zelda: Majora's Mask -Milk Bar,746,746
The Legend of Zelda: Majora's Mask -New Wave Bossa Nova,747,747
The Legend of Zelda: Majora's Mask -Song of Healing,748,748
The Legend of Zelda: Ocarina of Time- Gerudo Valley,749,750
The Legend of Zelda: Ocarina of Time- Hyrule Field,751,752
The Legend of Zelda: Ocarina of Time- Kokiri Forest,753,753
The Legend of Zelda: Ocarina of Time- Lon Lon Ranch,754,754
The Legend of Zelda: Ocarina of Time- Lost Woods,755,755
The Legend of Zelda: Ocarina of Time- Market,756,756
The Legend of Zelda: Ocarina of Time- Shop,757,757
The Legend of Zelda: Ocarina of Time- Song of Storms,758,758
The Legend of Zelda: Ocarina of Time- Title,759,759
The Legend of Zelda: Ocarina of Time- Zora's Domain,760,760
The Legend of Zelda: Oracle ofSeasons & Ages - Horon Village,761,761
The Legend of Zelda: Oracle ofSeasons - House,762,762
The Legend of Zelda: Oracle ofSeasons & Ages - Tarm Ruins,763,763
The Legend of Zelda - Overworld,764,764
The Legend of Zelda: PhantomHourglass - Linebeck,765,765
The Legend of Zelda: PhantomHourglass - Mercay Island,766,766
The Legend of Zelda: Skyward Sword -Ballad of the Goddess,767,767
The Legend of Zelda: Skyward Sword -Crimson Loftwing,768,768
The Legend of Zelda: Skyward Sword -Groose's Theme,769,769
The Legend of Zelda: Skyward Sword -Lake Floria,770,770
The Legend of Zelda: Skyward Sword -Skyloft,771,771
The Legend of Zelda: Spirit Tracks -Overworld Adventure,772,772
The Legend of Zelda: The Minish Cap -Hyrule Town,773,773
The Legend of Zelda: The Minish Cap -Minish Village,774,774
The Legend of Zelda: The Wind Waker -Beedle's Shop,775,775
The Legend of Zelda: The Wind Waker -Dragon Roost Island,776,776
The Legend of Zelda: The Wind Waker -Grandma's Theme,777,777
The Legend of Zelda: The Wind Waker -Inside the Pirate Ship,778,778
The Legend of Zelda: The Wind Waker -Outset Island,779,780
The Legend of Zelda: The Wind Waker -The Fairy Queen,781,781
The Legend of Zelda: The Wind Waker -The Great Sea,782,782
The Legend of Zelda: The Wind Waker -Title Theme,783,784
The Legend of Zelda: TwilightPrincess - Hyrule Field,785,786
The Legend of Zelda: TwilightPrincess - Midna's Lament,787,787
Little Nemo: The Dream Master -Nightmare Land,788,788
Live A Live - Live Over Again,789,789
Live A Live - Megalomania,790,790
Lost Odyssey - Neverending Journey,791,791
Lufia & the Fortress of Doom - TheEarth,792,792
Lufia II: Rise of the Sinistrals -Battle #2,793,793
Lufia II: Rise of the Sinistrals -Final Battle,794,794
Lufia II: Rise of the Sinistrals -Gate of Journey,795,795
Luigi's Mansion - Professor E. Gadd'sLaboratory,796,796
Luigi's Mansion - Staff Credits,797,798
Luigi's Mansion - Luigi's Mansion,799,800
Luigi's Mansion 3 - E. Gadd'sShopping Network,801,802
Lunar: Silver Star Story - City ofMagic,803,803
Lunar: The Silver Star - WindNocturne,804,804
The Magic of Scheherazade - Overworld,805,805
Magical Starsign - Puffoon,806,806
Maniac Mansion - The Boys Are StillBack (Dave's Theme),807,808
Mario & Luigi: Bowser's Inside Story- Cavi Cape,809,810
Mario & Luigi: Bowser's Inside Story- Grasslands All the Way,811,812
Mario & Luigi: Superstar Saga -Teehee Valley,813,814
Mario & Luigi: Bowser's Inside Story- The Grand Finale,815,816
Mario + Rabbids Kingdom Battle -Ziggies!,817,818
Mario Kart: Double Dash!! - Baby Park,819,820
Mario Kart 64 - Koopa Troopa Beach,821,821
Mario Kart 64 - Choco Mountain/BattleArenas,822,822
Mario Kart 64 - FrappeSnowland/Sherbet Land,823,823
Mario Kart 64 - Kalimari Desert,824,824
Mario Kart 64 - Bowser's Castle,825,825
Mario Kart 64 - Mario Kart 64 Theme,826,826
Mario Kart 64 - Moo Moo Farm/YoshiValley,827,828
Mario Kart 64 - 3 Raceways/WarioStadium,829,830
Mario Kart 64 - Rainbow Road,831,831
Mario Kart 64 - Toad's Turnpike,832,832
Mario Kart 64 - Victory Lap,833,833
Mario Kart 64 - Winning Results,834,834
Mario Kart 7 - Rainbow Road,835,836
Mario Kart 8 - Dolphin Shoals,837,838
Mario Kart 8 - Mario Kart 8,839,840
Mario Kart 8 - Rainbow Road,841,842
Mario Kart 8 - Sunshine Airport,843,843
Mario Kart: Double Dash!! - MushroomBridge & Mushroom City,844,844
Mario Kart: Double Dash!! - RainbowRoad,845,845
Mario Kart DS - Rainbow Road,846,846
Mario Kart DS - Shroom Ridge,847,847
Mario Kart DS - Waluigi PinballWario Stadium,848,848
Mario Kart: Super Circuit - RainbowRoad,849,850
Mario Kart: Super Circuit - RibbonRoad,851,851
Mario Kart: Super Circuit - Shy GuyBeach & Cheep-Cheep Island,852,852
Mario Kart Wii - Coconut Mall,853,854
Mario Kart Wii - Maple Treeway,855,856
Mario Kart Wii - Rainbow Road,857,858
Mario Paint - Creative Exercise,859,859
Mario Paint - Monkeys,860,860
Mario Party - Faster Than All,861,861
Mario Party - Rainbow Castle,862,862
Mario Party 2 - Horror Land,863,863
Mario Party 2 - Walking Underwater,864,864
Mario Party 3 - Good Luck!,865,865
Mario Party 3 - Woody Woods,866,866
Mario Strikers Charged - Pause Menu,867,868
Marvel vs. Capcom: Clash of SuperHeroes - Jin's Theme,869,870
Marvel vs Capcom 2 - Character Select,871,871
Mass Effect - Vigil,872,872
Mass Effect 2 - Suicide Mission,873,874
Mega Man - Bomb Man,875,875
Mega Man - Cut Man,876,876
Mega Man - Elec Man,877,877
Mega Man 10 - Nitro Rider,878,878
Mega Man 2 - Air Man,879,879
Mega Man 2 - Bubble Man,880,880
Mega Man 2 - Crash Man,881,881
Mega Man 2 - Dr. Wily Stage 1,882,882
Mega Man 2 - Ending,883,883
Mega Man 2 - Flash Man,884,884
Mega Man 2 - Heat Man,885,886
Mega Man 2 - Opening & Title,887,888
Mega Man 2 - Metal Man,889,889
Mega Man 2 - Password,890,890
Mega Man 2 - Quick Man,891,891
Mega Man 2 - Wood Man,892,892
Mega Man 3 - Gemini Man,893,893
Mega Man 3 - Get a Weapon,894,894
Mega Man 3 - Intro,895,896
Mega Man 3 - Magnet Man,897,897
Mega Man 3 - Shadow Man,898,898
Mega Man 3 - Snake Man,899,899
Mega Man 3 - Spark Man,900,900
Mega Man 3 - Dr. Wily Stage 2,901,901
Mega Man 4 - Dust Man,902,902
Mega Man 5 - Gravity Man,903,903
Mega Man 5 - Wave Man,904,904
Mega Man 6 - Flame Man,905,905
Mega Man 6 - Knight Man,906,906
Mega Man 7 - Opening Stage,907,907
Mega Man 7 - Shade Man,908,908
Mega Man 9 - Hornet Dance,909,909
Mega Man 9 - Splash Blue,910,910
Mega Man 9 - We're the Robots (Dr.Wily Stage 2),911,911
Mega Man Battle Network - Home Town,912,912
Mega Man X - Armored Armadillo,913,913
Mega Man X - Opening Stage,914,914
Mega Man X - Spark Mandrill [ALT],915,915
Mega Man X - Spark Mandrill,916,916
Mega Man X - Storm Eagle,917,917
Mega Man X2 - Bubble Crab,918,918
Mega Man X - Boomer Kuwanger,919,920
Metal Gear Solid - Metal Gear SolidMain Theme,921,922
Metal Gear Solid 3: Snake Eater -Snake Eater,923,924
Metal Slug - Stage 1,925,926
Metro-Cross - Main Theme,927,927
Metroid - Brinstar,928,928
Metroid - Kraid's Lair,929,929
Metroid - Title BGM,930,930
Metroid II: Return of Samus - Surfaceof SR388,931,932
Metroid Prime - Ice Valley,933,934
Metroid Prime - Menu Select,935,936
Minecraft - Sweden,937,938
Minecraft - Wet Hands,939,940
Mom Hid My Game! - Main Theme,941,942
Monster World IV - Heart of Icegrave,943,943
Mother 3 - Gentle Rain,944,944
Mother 3 - Name These Children,945,945
Mother 3 - Monkey's Delivery Service,946,946
Mother 3 - To Sunshine Forest,947,947
The Mysterious Murasame Castle -Castle Town,948,948
Mystical Ninja Starring Goemon -Festival Temple Castle (Part 3),949,950
NBA Jam - Team Select,951,952
Neo Turf Masters - Baden NationalGolf Course,953,954
New Super Mario Bros. - Castle,955,955
New Super Mario Bros. - Overworld,956,956
New Super Mario Bros. - Overworld(Versus Mode),957,958
New Super Mario Bros. Wii - StaffCredit Roll,959,962
NieR - Song of the Ancients ~ Devola,963,964
NieR: Automata - A Beautiful Song,965,966
NieR: Automata - City Ruins - Rays ofLight,967,968
NieR:Automata - Pascal,969,970
NieR: Automata - Vague Hope - ColdRain,971,971
Ninja Gaiden II: The Dark Sword ofChaos - Tower of Lahja,972,972
Nintendo DSi System Music - Shop,973,974
Octopath Traveler - A Sea BreezeBlows,975,976
Octopath Traveler - A Settlement inthe Red Bluffs,977,978
Octopath Traveler - Alfyn theApothecary,979,980
Octopath Traveler - Battle I,981,982
Octopath Traveler - Battle II,983,984
Octopath Traveler - Battle III,985,986
Octopath Traveler - Beneath theSurface,987,987
Octopath Traveler - Cyrus theScholar,988,988
Octopath Traveler - Determination,989,990
Octopath Traveler - Discord,991,992
Octopath Traveler - FlamesgraceGuiding Light,993,994
Octopath Traveler - H'aanit theHunter,995,996
Octopath Traveler - Main Theme,997,998
Octopath Traveler - Olberic theWarrior,999,999
Octopath Traveler - Ophilia theCleric,1000,1000
Octopath Traveler - Primrose theDancer,1001,1001
Octopath Traveler - The Cliftlands,1002,1002
Octopath Traveler - Therion theThief,1003,1003
Octopath Traveler - Tressa theMerchant,1004,1004
Octopath Traveler - Victory Fanfare,1005,1005
Octopath Traveler II - Cait's Theme,1006,1006
Octopath Traveler II - Castti theApothecary,1007,1008
Octopath Traveler II - Ochette theHunter,1009,1009
Octopath Traveler II - Throné theThief,1010,1010
Okami - Dragon Palace,1011,1011
Okami - Okikurmi the Hero,1012,1012
Okami - Orca's Theme,1013,1013
Okami - Tribe of Heavenly Kami,1014,1014
One Must Fall: 2097 - Main Theme,1015,1015
Opoona - Hotel Moon Forest,1016,1016
Opoona - Twilight Town,1017,1018
Ori and the Blind Forest - Main Theme,1019,1020
Out Run - Passing Breeze,1021,1022
Outer Wilds - End Times,1023,1023
Outer Wilds - Travelers,1024,1024
Overcooked! 2 - World Map,1025,1026
Pac-Mania - Block Town,1027,1028
Paper Mario: The Origami King - RedStreamer Battle,1029,1029
Paper Mario: The Thousand Year Door -Peaceful Petalburg,1030,1030
Paper Mario: The Thousand Year Door -Rogueport Town of Thieves,1031,1032
Paper Mario: The Thousand Year Door -Story of the Thousand Year Door,1033,1033
Paper Mario - Title Screen,1034,1034
Paper Mario - Wish of the Princess,1035,1036
Paper Mario: Color Splash - Bloo BayBeach,1037,1038
Paperboy - Main Theme,1039,1039
Papers Please - Theme,1040,1040
Paradise Killer - Paradise (StayForever),1041,1042
Paradise Killer - The Lemegeton Bop,1043,1044
Persona 3 - Kimi no Kioku (Memoriesof You),1045,1046
Persona 3 - Mass Destruction,1047,1048
Persona 3 - Poem of Everyone's Souls(Velvet Room),1049,1050
Persona 4 - Alone,1051,1051
Persona 4 - Heartbeat Heartbreak,1052,1052
Persona 4 - Heaven,1053,1053
Persona 4 - Junes Theme,1054,1054
Persona 4 - New Days,1055,1055
Persona 4 Arena - The Wandering Wolf,1056,1056
Persona 5 - Alleycat,1057,1058
Persona 5 - Beneath the Mask,1059,1060
Persona 5 - Last Surprise,1061,1062
Persona 5 - Layer Cake,1063,1064
Persona 5 - Life Goes On,1065,1066
Persona 5 - Price,1067,1068
Persona 5 - Rivers in the Desert,1069,1070
Persona 5 - Sunset Bridge,1071,1071
Persona 5 - The Days When My MotherWas There,1072,1072
Persona 5 - The Whims of Fate,1073,1074
Persona 5 - Tokyo Daylight,1075,1076
Persona 5 - Wake Up Get Up Get OutThere,1077,1078
Persona 5 Strikers - Mori no Miyako,1079,1080
Persona Q: Shadow of the Labyrinth -Corn Dog,1081,1082
Persona Q2: New Cinema Labyrinth -Invitation to Freedom,1083,1084
Phantasy Star - Dungeon 2,1085,1085
Phantasy Star - Dungeon 1,1086,1086
Phantasy Star - Sky City,1087,1087
Phantasy Star II - Secret Ways,1088,1088
Phantasy Star IV: The End of theMillennium - The End of TheMillennium,1089,1089
Phantasy Star Online - Pioneer 2,1090,1090
Phoenix Wright: Ace Attorney - SimpleFolk,1091,1091
Phoenix Wright: Ace Attorney - DickGumshoe - That's Detective GumshoePal!,1092,1092
Phoenix Wright: Ace Attorney -Pursuit - Corner the Culprit,1093,1093
Phoenix Wright: Ace Attorney - MayaFey - Turnabout Sisters 2001,1094,1094
Phoenix Wright: Ace Attorney - TheSteel Samurai - Warrior of Neo OldeTokyo,1095,1095
Phoenix Wright: Ace Attorney -Victory! - Our First Win,1096,1096
Phoenix Wright: Justice for All -Pursuit - Confront the Culprit,1097,1097
Phoenix Wright: Trials andTribulations - Godot ~ The Fragranceof Dark Coffee,1098,1098
Phoenix Wright: Trials andTribulations - Pursuit - Catch theCulprit,1099,1099
Phoenix Wright: Ace Attorney -Investigation - Opening 2001,1100,1100
Pictionary - Title Screen,1101,1102
Pikmin - Forest of Hope,1103,1103
Pilotwings - Light Plane,1104,1104
Pilotwings 64 - Birdman [ALT],1105,1106
Pilotwings 64 - Birdman,1107,1108
Plants vs. Zombies: Garden Warfare -Main Theme,1109,1110
Plants vs. Zombies - Zombies On YourLawn,1111,1112
Pokémon Black & White - Accumula Town,1113,1113
Pokémon Black & White - Anville Town,1114,1114
Pokémon Black & White - DriftveilCity,1115,1115
Pokémon Black & White - NintendoWi-Fi Connection,1116,1116
Pokémon Black & White - Route 10,1117,1117
Pokémon Black & White - The Dreamyard,1118,1118
Pokémon Black 2 & White 2 - HumilauCity,1119,1119
Pokémon Colosseum - Mt. Battle,1120,1120
Pokémon Diamond & Pearl - Battle!(Champion),1121,1122
Pokémon Diamond & Pearl - Bicycle,1123,1124
Pokémon Diamond & Pearl - EternaForest,1125,1125
Pokémon Diamond & Pearl - JubilifeCity (Day),1126,1126
Pokémon Diamond & Pearl - Route 201,1127,1128
Pokémon Diamond & Pearl - Route 203(Day),1129,1130
Pokémon Diamond & Pearl - Route 209(Day),1131,1132
Pokémon Diamond & Pearl - Route 216(Day),1133,1134
Pokémon Diamond & Pearl - Route 225(Day),1135,1135
Pokémon Diamond & Pearl - Route 228(Day),1136,1136
Pokémon Diamond & Pearl - SolaceonTown (Day),1137,1138
Pokémon Diamond & Pearl - TeamGalactic HQ,1139,1140
Pokémon Diamond & Pearl - TwinleafTown (Day),1141,1142
Pokémon Diamond & Pearl - VeilstoneCity (Day),1143,1144
Pokémon Diamond & Pearl - Eterna City(Day),1145,1145
Pokémon Gold & Silver - Azalea Town,1146,1146
Pokémon Gold & Silver - CherrygroveCity,1147,1147
Pokémon Gold & Silver - Ecruteak City,1148,1148
Pokémon Gold & Silver - GoldenrodCity,1149,1149
Pokémon Gold & Silver - Ice Path,1150,1150
Pokémon Gold & Silver - Lavender Town,1151,1151
Pokémon Gold & Silver - National Park,1152,1152
Pokémon Gold & Silver - New Bark Town,1153,1153
Pokémon Gold & Silver - Pewter City,1154,1154
Pokémon Gold & Silver - Route 29,1155,1155
Pokémon Gold & Silver - Violet City,1156,1156
Pokémon Gold & Silver - ViridianForest,1157,1157
Pokémon HeartGold & SoulSilver -Pokégear Radio: Poké Flute,1158,1158
Pokémon Mystery Dungeon: Explorers ofSky - Barren Valley,1159,1160
Pokémon Mystery Dungeon: Explorers ofSky - Dark Wasteland,1161,1162
Pokémon Mystery Dungeon: Explorers ofSky - In the Morning Sun,1163,1164
Pokémon Mystery Dungeon: Explorers ofTime & Darkness - Treasure Town,1165,1165
Pokémon Mystery Dungeon: Explorers ofTime & Darkness - In the Hands ofFate,1166,1166
Pokémon Mystery Dungeon: Gates toInfinity - Sympathy and Sincerity,1167,1167
Pokemon Mystery Dungeon - Red & BlueRescue - Friend Area - Swamp [ALT],1168,1168
Pokémon Mystery Dungeon: Red & BlueRescue Team - Friend Area - Swamp,1169,1169
Pokémon Mystery Dungeon: Red & BlueRescue Team - Awakening,1170,1170
Pokémon Mystery Dungeon: Red & BlueRescue Team - Great Canyon,1171,1172
Pokémon Mystery Dungeon: Red & BlueRescue Team - Pokémon Square,1173,1174
Pokémon Mystery Dungeon: Red & BlueRescue Team - Run Away/Fugitives,1175,1175
Pokémon Red & Blue - Celadon City,1176,1176
Pokémon Red & Blue - Lavender Town,1177,1178
Pokémon Red & Blue - Opening,1179,1179
Pokémon Red & Blue - Pallet Town,1180,1180
Pokémon Red & Blue - Pokémon CenterTheme,1181,1181
Pokémon Red & Blue - Pokémon Gym,1182,1182
Pokémon Red & Blue - Rival Appears,1183,1183
Pokémon Red & Blue - Route 1,1184,1184
Pokémon Ruby & Sapphire - Dive,1185,1186
Pokémon Ruby & Sapphire - FortreeCity,1187,1187
Pokémon Ruby & Sapphire - LilycoveCity,1188,1188
Pokémon Ruby & Sapphire - LittlerootTown,1189,1189
Pokémon Ruby & Sapphire - Poké Mart,1190,1190
Pokémon Ruby & Sapphire - Route 101,1191,1191
Pokémon Ruby & Sapphire - RustboroCity,1192,1192
Pokémon Ruby & Sapphire - SlateportCity,1193,1193
Pokémon Ruby & Sapphire - VerdanturfTown,1194,1194
Pokémon Ruby & Sapphire - Ever GrandeCity,1195,1195
Pokemon Ruby and Sapphire -Sootopolis City [ALT],1196,1196
Pokémon Ruby & Sapphire - SootopolisCity,1197,1197
Pokémon Rumble - Terminal,1198,1198
Pokémon Scarlet & Violet - Area Zero,1199,1200
Pokémon Sun & Moon - Hau'oli City(Night),1201,1201
Pokémon Super Mystery Dungeon - AirContinent: Baram Town,1202,1202
Pokemon Super Mystery Dungeon -Serene Village,1203,1204
Pokémon Sword & Shield - Battle TowerBattle Theme,1205,1206
Pokémon Trading Card Game - NormalDuel,1207,1208
Pokemon Trading Card Game - MasonLab/World Map,1209,1209
Pokémon X & Y - Snowbelle City,1210,1210
Portal - Still Alive,1211,1212
Portal 2 - Want You Gone,1213,1214
Professor Layton and the UnwoundFuture - The Unwound Future,1215,1216
Professor Layton and the CuriousVillage - Professor Layton's Theme,1217,1218
Professor Layton and the DiabolicalBox - Folsense,1219,1219
Psycho Soldier - Psycho Soldier Theme,1220,1220
Punch-Out!! - Boxing,1221,1221
Punch-Out!! - Training,1222,1222
Rayman - Harmony,1223,1223
Rayman: Origins - Lum King,1224,1224
Red Dead Redemption 2 - Cruel World(by Willie Nelson),1225,1225
Resident Evil: Director's Cut -Mansion Basement,1226,1226
Rhythm Heaven - Glee Club,1227,1228
Rhythm Heaven - Thrilling! Is thisLove?,1229,1230
Rhythm Heaven - Tunnel,1231,1232
Rhythm Heaven Fever - Air Rally,1233,1234
Rhythm Heaven Fever - Flock Step,1235,1236
Rhythm Heaven Fever - Hole in One,1237,1238
Rival Schools: United by Fate - Onthe Rooftop of Taiyo High School,1239,1240
River City Girls - The Hunt,1241,1241
River City Girls - We’re the RiverCity Girls (Intro),1242,1242
River City Ransom - Running Aroundthe City,1243,1244
Robocop (GB) - Title,1245,1245
Mega Man & Bass - Ground Man,1246,1246
Rockman & Bass - Museum (OpeningStage),1247,1248
Rygar - Palace of Dorago,1249,1250
Scott Pilgrim vs. the World: The Game- Another Winter,1251,1252
Scott Pilgrim vs. the World: The Game- Cheap Shop,1253,1254
Secret of Mana - A Curious Tale,1255,1256
Secret of Mana - Fear of the Heavens,1257,1258
Secret of Mana - Into the Thick of It,1259,1259
Secret of Mana - Phantom and a Rose,1260,1260
Secret of Mana - Prophecy,1261,1261
Secret of Mana - The Color of theSummer Sky,1262,1262
The Secret of Monkey Island - OpeningTheme,1263,1264
Sengoku Basara: Samurai Heroes -Naked Arms,1265,1266
Shadow of the Colossus - RevivedPower,1267,1268
Shantae: Half-Genie Hero - DanceThrough the Danger,1269,1270
Shenmue - Sedge Flower,1271,1271
Shin Megami Tensei - Ruins,1272,1272
Shin Megami Tensei III: Nocturne -Title Loop 2,1273,1274
Shining Force 2 - Lively Town,1275,1276
Shovel Knight - An Underlying Problem(The Lost City),1277,1278
Shovel Knight - Courage Under Fire(Armorer Village),1279,1280
Shovel Knight - High Above the Land(The Flying Machine),1281,1282
Shovel Knight - In the Halls of theUsurper,1283,1283
Shovel Knight - Main Theme,1284,1284
Shovel Knight - Strike the Earth!(Plains of Passage),1285,1286
Silent Hill 2 - Theme of Laura,1287,1288
Silent Hill 4 - Waiting for You,1289,1290
Silver Surfer - World 1,1291,1292
Silver Surfer - Hi Score,1293,1294
SimCity (SNES) - Main Menu,1295,1295
SimCity - Title [ALT],1296,1296
SimCity (SNES) - Title Screen,1297,1297
SimCity (SNES) - Town,1298,1298
The Sims - Main Theme,1299,1300
The Sims - Now Entering,1301,1302
Skullgirls - In a Moment's Time,1303,1306
Snipperclips - Noisy Notebook A,1307,1308
Snipperclips - Noisy Notebook C,1309,1310
Solstice - Title,1311,1313
Sonic & Knuckles - Death Egg Zone(Act 1),1314,1314
Sonic & Knuckles - Lava Reef Zone(Act 1),1315,1315
Sonic & Knuckles - Mushroom Hill Zone(Act 2),1316,1316
Sonic 3D Blast (Sega Genesis) -Diamond Dust Zone (Act 1),1317,1317
Sonic Advance - Neo Green Hill ZoneAct 1,1318,1318
Sonic Adventure - Blue Star ...forCasinopolis,1319,1320
Sonic Adventure - It Doesn't Matter,1321,1324
Sonic Adventure - Lazy Days ~Livin'in Paradise~,1325,1326
Sonic Adventure - My Sweet Passion,1327,1328
Sonic Adventure - Pleasure Castle...for Twinkle Park,1329,1330
"Sonic Adventure - Theme of ""E-102γ""",1331,1332
Sonic Adventure - Unknown from M.E.,1333,1334
Sonic Adventure 2 - 34°N 12°E... forMad Space,1335,1336
Sonic Adventure 2 - Bright Sound...for Dry Lagoon,1337,1338
Sonic Adventure 2 - Fly in theFreedom,1339,1340
Sonic Adventure 2 - Live & Learn,1341,1342
Sonic Adventure 2 - Throw It All Away,1343,1344
Sonic Adventure 2 - Escape From theCity... for City Escape,1345,1346
Sonic & Knuckles - Flying BatteryZone (Act 1),1347,1348
Sonic Heroes - Ocean Palace,1349,1
Sonic Lost World - Windy Hill - Zone,2,1350
,1351,1351
Sonic Mania - Stardust Speedway (Act1) [ALT],1352,1352
Sonic Mania - Stardust Speedway (Act1),1353,1354
Sonic Mania - Studiopolis Zone (Act1),1355,1356
Sonic R - Resort Island: Can You Feelthe Sunshine?,1357,1358
Sonic Spinball - Toxic Caves,1359,1360
Sonic the Hedgehog - Green Hill Zone,1361,1361
Sonic the Hedgehog - Marble Zone,1362,1362
Sonic the Hedgehog - Spring Yard Zone,1363,1363
Sonic the Hedgehog - Star Light Zone,1364,1364
Sonic the Hedgehog 2 - Aquatic RuinZone,1365,1365
Sonic the Hedgehog 2 - Casino NightZone,1366,1366
Sonic the Hedgehog 2 - Chemical PlantZone,1367,1367
Sonic the Hedgehog 2 - Emerald HillZone,1368,1368
Sonic the Hedgehog 2 - Mystic CaveZone,1369,1369
Sonic the Hedgehog 3 - Angel IslandZone (Act 1),1370,1370
Sonic the Hedgehog 3 - Data Select,1371,1371
Sonic the Hedgehog 3 - Gumball Bonus,1372,1372
Sonic the Hedgehog 3 - Hydrocity Zone(Act 1),1373,1373
Sonic the Hedgehog 3 - Ice Cap ZoneAct 1,1374,1374
Sonic the Hedgehog 3 - Marble GardenAct 1,1375,1375
Sonic the Hedgehog 3 - Special Stage,1376,1376
Sonic Unleashed - Apotos Night,1377,1378
Sonic Unleashed - Arid Sands - Night,1379,1380
Sonic Unleashed - Spagonia - Day,1381,1382
Soulcalibur - Going to Where the WindBlows,1383,1383
Space Harrier - Theme From SpaceHarrier,1384,1384
Splatoon - Now or Never!,1385,1386
Splatoon - Splattack!,1387,1388
Splatoon 2 - Inkoming!,1389,1390
Star Control 2 - Hyperspace,1391,1391
Star Control 2 - Melnorme,1392,1392
Star Fox - Corneria,1393,1394
Star Fox - Credits,1395,1396
Star Fox - Fortuna,1397,1397
Star Fox - Space Armada,1398,1398
Star Fox 64 - Area 6,1399,1400
Star Fox 64 - Enter Star Wolf,1401,1402
Star Ocean: The Second Story - TheVenerable Forest,1403,1403
Stardew Valley - Spirit's EveFestival,1404,1404
Stardew Valley - Stardew ValleyOverture,1405,1405
StarTropics - Alien Spaceship,1406,1406
StarTropics - Cruising on the Ocean,1407,1407
StarTropics - Dungeon,1408,1408
StarTropics - Overworld,1409,1409
STRAYLIGHT - Star Forge,1410,1410
Street Fighter V - Theme of KarinKanzuki,1411,1412
Streets of Rage 2 - Dreamer,1413,1413
Streets of Rage 2 - Go Straight,1414,1414
Streets of Rage 2 - Wave 131,1415,1415
Suikoden - An Old Irish Song,1416,1416
Suikoden - Beautiful Golden City,1417,1417
Suikoden - Theme of a Moonlit Night,1418,1418
Suikoden II - Sound of People andBirds in a Peaceful Mountain Village,1419,1419
Suikoden II - Dandy Richmond,1420,1420
Suikoden II - Gothic Neclord,1421,1422
Suikoden II - Homesickness,1423,1423
Suikoden II - Imprisoned Town,1424,1424
Suikoden II - La Mia Tristezza,1425,1426
Suikoden II - Reminiscence,1427,1427
Suikoden II - We Are the Number One!,1428,1428
Suikoden II - Withered Earth,1429,1429
Suikoden V - Town on a River,1430,1430
Super Castlevania IV - Theme of SimonBelmont,1431,1433
Super Ghouls 'n Ghosts - Continue,1434,1434
Super Mario 3D Land - Overworld,1435,1435
Super Mario 3D Land - Snow Mountain[ALT],1436,1436
Super Mario 3D World - Snowball Park,1437,1437
Super Mario 3D Land - Special World 8,1438,1438
Super Mario 3D World - Chain-LinkCharge,1439,1439
Super Mario 3D World - Double CherryPass,1440,1440
Super Mario 3D World - Footlight Lane,1441,1441
Super Mario 3D World - Super BellHill,1442,1442
Super Mario 3D World - World 8,1443,1443
Super Mario 64 - Koopa's Theme,1444,1444
Super Mario 64 - Dire Dire Docks,1445,1446
Super Mario 64 - Staff Roll,1447,1448
Super Mario 64 - File Select,1449,1449
Super Mario 64 - Inside the CastleWalls,1450,1450
Super Mario 64 - Koopa's Road,1451,1451
Super Mario 64 - Main Theme,1452,1452
Super Mario 64 - Merry-Go-Round,1453,1453
Super Mario 64 - Slider,1454,1454
Super Mario 64 - Snow Mountain,1455,1455
Super Mario 64 - Powerful Mario,1456,1456
Super Mario Bros. - Castle,1457,1457
Super Mario Bros. - Invincible,1458,1458
Super Mario Bros. - Overworld,1459,1459
Super Mario Bros. - Underwater,1460,1460
Super Mario Bros. - Underworld,1461,1461
Super Mario Bros. 2 - CharacterSelect,1462,1462
Super Mario Bros. 2 - Overworld,1463,1463
Super Mario Bros. 2 - Underground,1464,1464
Super Mario Bros. 3 - Athletic,1465,1465
Super Mario Bros. 3 - Ending Part 2,1466,1466
Super Mario Bros. 3 - Ending,1467,1467
Super Mario Bros. 3 - Hammer Bros.,1468,1468
Super Mario Bros. 3 - Overworld,1469,1469
Super Mario Bros. 3 - Underground BGM,1470,1470
Super Mario Bros. 35 - Menu,1471,1472
Super Mario Galaxy - Good Egg Galaxy,1473,1474
Super Mario Galaxy - Gusty GardenGalaxy [ALT],1475,1476
Super Mario Galaxy - Gusty GardenGalaxy,1477,1478
Super Mario Galaxy - Rosalina in theObservatory,1479,1479
Super Mario Galaxy - Space Junk Road,1480,1480
Super Mario Galaxy - The Honeyhive,1481,1481
Super Mario Galaxy - Waltz of theBoos,1482,1482
Super Mario Galaxy 2 - Cloudy CourtGalaxy,1483,1483
Super Mario Galaxy 2 - Cosmic CoveGalaxy,1484,1484
Super Mario Galaxy 2 - Green Star,1485,1485
Super Mario Galaxy 2 - Sky StationGalaxy,1486,1486
Super Mario Galaxy 2 - Starship Mario,1487,1487
Super Mario Galaxy 2 - World 3,1488,1488
Super Mario Kart - Choco Island,1489,1489
Super Mario Kart - Donut Plains,1490,1490
Super Mario Kart - Koopa Beach,1491,1491
Super Mario Kart - Mario Circuit,1492,1492
Super Mario Kart - Rainbow Road,1493,1493
Super Mario Land - Birabuto Kingdom,1494,1494
Super Mario Land - Marine Pop SkyPop!,1495,1495
Super Mario Land - Muda Kingdom,1496,1496
Super Mario Land 2 - Staff Roll,1497,1498
Super Mario Land 2 - Treetop,1499,1499
Super Mario Maker 2 - Desert (SuperMario Bros.),1500,1500
Super Mario Odyssey - Bubblaine,1501,1502
Super Mario Odyssey - Fossil Falls,1503,1504
Super Mario Odyssey - Jump Up SuperStar!,1505,1508
Super Mario Odyssey - New Donk City,1509,1510
Super Mario Odyssey - Shiveria: Town,1511,1512
Super Mario Odyssey - Steam Gardens,1513,1513
Super Mario RPG - Beware of ForestMushrooms,1514,1514
Super Mario RPG - Rose Town,1515,1515
Super Mario RPG - This is BoosterTower,1516,1516
Super Mario Sunshine - Bianco Hills,1517,1518
Super Mario Sunshine - Isle Delfino,1519,1520
Super Mario World - Athletic,1521,1522
Super Mario World - Ending,1523,1524
Super Mario World - Fortress Boss,1525,1526
Super Mario World - Ghost House,1527,1528
Super Mario World - Map 1 (Yoshi'sIsland),1529,1529
Super Mario World - Map 2 (Overworld),1530,1530
Super Mario World - Map 4 (StarWorld),1531,1531
Super Mario World - Map 5 (Forest ofIllusion),1532,1532
Super Mario World - Overworld,1533,1533
Super Mario World - Map 7 (SpecialZone),1534,1534
Super Mario World 2: Yoshi's Island -Athletic,1535,1535
Super Mario World 2: Yoshi's Island -Flower Garden,1536,1536
Super Mario World 2: Yoshi's Island -Intro Music Box Theme,1537,1537
Super Metroid - Big BossConfrontation (Ridley Draygon),1538,1538
Super Metroid - Brinstar - PlantOvergrowth Area,1539,1539
Super Metroid - Brinstar Red SoilSwampy Area,1540,1540
Super Metroid - Galactic Warrior -Theme of Samus Aran,1541,1542
Super Metroid - Theme of SuperMetroid,1543,1544
Super Paper Mario - Flipside,1545,1546
Super Robot Wars Alpha - Flapper Girl,1547,1548
Super Smash Bros. - Character Select,1549,1550
Super Smash Bros. Brawl - Super SmashBros. Brawl Main Theme,1551,1552
Super Smash Bros. Melee - Menu 2,1553,1553
Super Smash Bros. Melee - Menu 1,1554,1554
Super Smash Bros. Melee - Multi-ManMelee 2,1555,1556
Super Smash Bros. Melee - Targets!,1557,1557
Super Smash Bros. Melee - Trophy[ALT],1558,1558
Super Smash Bros. Melee - Trophy,1559,1560
Super Smash Bros. Ultimate - Menu,1561,1562
Street Fighter II - Balrog's Theme,1563,1563
Super Street Fighter II: The NewChallengers - Fei Long's Theme,1564,1564
Street Fighter II - Guile's Theme,1565,1565
Street Fighter II - Ken's Theme,1566,1566
Street Fighter II - Ryu's Theme,1567,1567
Super Street Fighter II (Arcade) -Sagat's Theme,1568,1568
Super Street Fighter II (Arcade) -Vega's Theme [ALT],1569,1569
Super Street Fighter II (Arcade) -Vega's Theme,1570,1570
Tales of Phantasia - Desolate Road,1571,1571
Tales of Symphonia - Harbor Town,1572,1572
Tangledeep - Mysteries of Time,1573,1574
Team Fortress 2 - Team Fortress 2(Main Theme),1575,1575
Tecmo Bowl - Title,1576,1576
Teenage Mutant Ninja Turtles - Title,1577,1577
Teenage Mutant Ninja Turtles: Turtlesin Time - Neon Night-Riders,1578,1578
Teenage Mutant Ninja Turtles: Turtlesin Time - Sewer Surfin',1579,1579
Teenage Mutant Ninja Turtles -Underwater,1580,1580
Terraria - Overworld Day,1581,1581
Tetris - Tetris Type-A (Korobeiniki),1582,1582
Tetris - Type-B,1583,1583
Tetris Attack - Sea Stage,1584,1584
Thunder Force IV - Metal Squad,1585,1587
Teenage Mutant Ninja Turtles II: TheArcade Game - Boss,1588,1588
To the Moon - Everything's Alright,1589,1589
ToeJam & Earl - ToeJam Jammin',1590,1590
Touhou Kaeidzuka ~ Phantasmagoria ofFlower View - Flowering Night,1591,1592
Treasure Hunter G - Sad Freedom,1593,1593
Treasure of the Rudras - Shadows ofIllusion,1594,1594
Tyrian - Tyrian the level,1595,1595
U.N. Squadron - Desert,1596,1596
U.N. Squadron - Oil Field Base,1597,1597
Under Night In-Birth - Gathers UnderNight...,1598,1598
Under Night In-Birth - Night Walker(Linne),1599,1600
UNDERTALE - Another Medium,1601,1602
UNDERTALE - Bonetrousle,1603,1604
UNDERTALE - Death by Glamour,1605,1606
UNDERTALE - Determination,1607,1607
UNDERTALE - Dogsong,1608,1608
UNDERTALE - Dummy!,1609,1610
UNDERTALE - Fallen Down (Reprise),1611,1612
UNDERTALE - Hopes and Dreams,1613,1614
UNDERTALE - MEGALOVANIA,1615,1615
UNDERTALE - Once Upon a Time,1616,1616
UNDERTALE - Ruins,1617,1618
UNDERTALE - Snowdin Town,1619,1619
UNDERTALE - Snowy,1620,1620
UNDERTALE - Spider Dance,1621,1622
UNDERTALE - Spooktune,1623,1624
Unlimited Saga - Battle Theme I,1625,1626
Valkyrie Profile - Confidence in theDomination,1627,
